user_id,spread,influence
-825441636418268372,1685,5.59075130984933
-1390622089254632561,1644,5.18115280943286
6990229964894807507,1736,5.17261319602904
3253362447566298172,3166,5.06141754630216
6039368744270470228,1039,4.88683171561756
-6403413288459201329,1232,4.81645507083117
-8106261064894665679,1051,4.80729043437031
3441908721451266504,1075,4.60446085772959
8790791253469833963,1111,4.45788681800318
6163352879504996348,3721,4.36159306482351
-7575843981528555980,1174,4.23017594974721
7245093531549968209,1315,4.21577094878005
7827187377386038970,1181,4.20707794176563
-2310780231493541297,1879,4.16648029947558
-7344415521014398395,1154,4.14976297121405
-8303966705600785093,3185,4.10584099394939
7236403221818856636,1609,4.07697467797137
-616946398183006438,1781,4.01056789307905
-191149925492337013,1181,3.95883406231244
318108740306960561,1267,3.91467137802044
-3690162326925489127,1180,3.91141365832919
-7193743046944593099,1853,3.86684176396093
3421706899199068037,1018,3.86625960361843
-4194300062544896453,1262,3.84974680162385
2922855096820065805,2600,3.84555560002362
-6835613099304696306,3796,3.83991715000457
5975429270402391990,1164,3.83305860704442
4334720084126088682,1540,3.79199641855238
8808751182165636574,1019,3.78006139345373
4177860074832816582,2615,3.75520473302853
-6192796384197432985,1646,3.75258438822752
6385029130020035019,1908,3.74172467832822
-761075543216586988,1037,3.73145338282737
-3413196039477655920,1683,3.71313877315485
-5885910012861996666,3154,3.67931681092953
-2863861095139756719,1129,3.67083635795375
-8219051055060380710,2423,3.67062613536686
-5028201393688614172,1943,3.62650857055734
-4516600897966949747,1641,3.61888343395596
700137962122947382,2367,3.59723968452377
-2629513459116870716,2871,3.58561018413297
-6157272037610070645,1602,3.58067005375835
5020504967951134098,1358,3.57926626326259
-725973890681343989,1417,3.57416590065012
-987186791200994245,1575,3.56999705968302
-2515549301240051811,1098,3.55626107140273
-1683692525726258574,1253,3.54370973121596
8809655850143772160,1366,3.54021037741723
755370881593207373,1460,3.53100013419741
-118528979365209774,1085,3.52790762781736
8229109478356971771,1695,3.47421595580361
-8030437653414682038,2332,3.46042565134776
7195623815334694663,2172,3.45373185779268
4504091432623661479,2417,3.44655059765524
-1706086519121663953,1217,3.44569209201221
4609645447952588820,1945,3.43479993835312
7569675586883720149,1099,3.43379814620625
-7566124907303105948,1043,3.43271064481216
-6717882746878894949,1155,3.42974886819553
-8753519416341276282,1489,3.42494120267979
7971020936709446940,1854,3.42275534389228
-4896335347486829687,1360,3.4178113100652
3278729309924294140,1150,3.41409336118136
8267106115822268586,2492,3.41288889052299
3472415810318535671,1059,3.41101378475376
-5349580248751976183,1479,3.40972112629055
-7228182079275000086,1118,3.4058270625852
-6536123674412781142,1597,3.39380692365447
3766363859421864310,1046,3.39255354906341
-3718806874181839060,1139,3.38377344332261
-3619895686122406158,2637,3.37466467944886
-2934070618631991779,1033,3.3707261160108
-8289598811041705702,1031,3.35618253680691
3457054450991811002,3382,3.3560889055361
-4215965636131508442,1242,3.34950826139073
1989593647598166689,1512,3.33931309907191
78162659507625389,1044,3.32098191073111
6491114363915363791,1129,3.30046526408017
2117035819145904410,1376,3.29667361934037
5738263068453182949,1348,3.29512590433113
6991223404644028600,1357,3.29013751336265
321444982412292686,1299,3.28638708269795
-7165494254101445195,1100,3.28369536752222
9062033773804874073,1147,3.27284986484837
-1147717042269387623,3276,3.25826858243395
8215089036549406261,1048,3.2541664194382
1583118780838643200,4124,3.24800679558215
-7356122114402049602,1185,3.24207787059775
-8484161664182923608,1742,3.23875303841772
960314001108128050,1441,3.23402128775299
-7846229853341960495,1977,3.23119886957395
6851888709550928947,2070,3.2296376878029
6719371432700748518,3588,3.22550405583269
-4608364847258931770,1543,3.21996729267747
-4860081301295574978,1138,3.21280279405016
7428799157143202907,1151,3.20960275220087
8428129587423122261,4076,3.19844041502719
7104454397003695902,1185,3.19683842826019
5100521414408104878,2750,3.19660739905293
-7779443469288901499,2176,3.19356227764728
-7338817821606390103,1144,3.19295225037143
4138466792149429913,1184,3.18294775899708
-3077953442023355081,1561,3.17897827374884
-3055408793767886999,1535,3.17445639412278
5897964413473373016,1213,3.16347484209697
-1508233515168948839,1656,3.15799877996796
-1589534599245197128,1141,3.15336118345097
-5723661439612673919,1178,3.1524115171958
7704204778385218423,3813,3.14277597917527
-6179491114763999863,1343,3.1415637475953
5979953160632951885,1251,3.13494276304741
-6837920356466984378,4075,3.12617925935399
5916117488730705840,1267,3.12587609979942
-1286608303445167674,3529,3.1256906529138
-5768262012895091499,1206,3.12458536078972
8515830684079187388,1032,3.1228249285728
8823100739767707265,1298,3.12251676699337
3552475630694076082,1207,3.12222492873201
7010704208802177516,1193,3.12119013885899
-5387804008947147756,1408,3.12044269288912
5760746013094250272,1187,3.11467493620619
-9177246219055260058,1813,3.1101549470357
-533854395561136148,3188,3.10731583397699
-57905920518462999,1234,3.10517935630543
2053161952410118238,1154,3.10060834263912
8368841544651450553,2577,3.09755235520696
-4044275688683092191,1096,3.09376827458618
7963884264970234678,4483,3.0913047233141
4095625754706414076,1518,3.08749230307231
-2993847957721902095,2911,3.08399551348403
-1849488659866085726,1054,3.08398436602206
-5035685234494371577,1564,3.0795969735559
-4878952779788198410,4171,3.07366477355924
-873701647664429629,1118,3.0699105562529
8177213182230160902,1020,3.06961278653563
-6408144446340951487,1098,3.06930377578657
-3812462420230078749,1109,3.06575135640559
1196294671042845418,1022,3.06492541983158
3501092923199136428,1244,3.06365983540969
-5316571986752929338,1281,3.06089270440781
-6498489641096670758,2085,3.06030080339454
-8417808380776064693,1180,3.05961377342036
2339848470043895221,1015,3.05567619057763
-4050975522995888305,1746,3.04648114146241
-1227294426316779483,3191,3.04553354358426
1342683057254199965,1833,3.04332408669716
7287704568081095093,1667,3.04262405253178
4183560855206904245,1211,3.04032584309382
6960412739340840316,1016,3.03918264761815
-2528307941140564101,1056,3.03660393089748
-242177960248698862,1034,3.03564488196828
-8983775720233496015,2719,3.03046406699506
-2573001177657722349,1052,3.02645646210756
2265718086267391703,1334,3.01970750621409
-4817635921528007413,1894,3.01931092654945
-6321988645597451483,1680,3.00525454702662
2321799029596709903,2722,3.00304222971137
3230486181005781036,1165,3.00300262930705
6677464068464815421,1247,2.99988670637513
-4007467071020011864,1055,2.99621371912877
-601927836081845976,1175,2.99593994290061
7025192713957305801,1105,2.99470406150057
4079021410485238020,3200,2.98739111061918
-338349185160171456,1731,2.98425165184616
3591688462557914757,1420,2.97845848004816
6395734098734022486,3548,2.97161431551156
-2081769604177679576,1504,2.96994535562656
5689869287699033634,1498,2.96792386594793
821431014263496900,2688,2.96669588799914
-8773501956014915097,3205,2.96041137896684
2537383995958718628,3151,2.95906766042528
-6681908657146487075,1365,2.95558066473885
7419531698364475480,1203,2.95529114859682
834461832322859355,1600,2.95429966882125
-549719726778379638,1692,2.95173535250516
-8014898733099619516,1117,2.94544392712211
5227306403792278139,1226,2.93439818491572
-9002661667358930951,1971,2.93280033394808
3622113744657932504,1237,2.92835111492462
-6428259166326431498,1712,2.91184632154583
1787201074225055582,1017,2.90376499555935
-8844767401855861773,1947,2.89195681295193
-4193669805667601372,1745,2.88479038540943
3242383893871641946,1612,2.88106972354137
8240451938642205382,2862,2.87516626175037
682125441449241965,1176,2.87046624704451
-8149048491009205249,2221,2.86645144912137
-1758250087515964490,1631,2.85873460649118
1067841427538468962,3064,2.8518406643317
-7417402921680483674,2019,2.84892611587429
6065539193029194757,1792,2.8477815454666
6640545061216590066,1015,2.84501536363097
3908834249900734849,1010,2.83157015957371
-6673096457576988929,3251,2.82963277786081
-1586411319989334712,1179,2.82587670286953
-2591840095165221323,1113,2.82224510737328
-1123734107690049003,1044,2.8173896025003
-2787205126088799807,1173,2.81696560381398
3052224203408425305,1078,2.81250193987556
370564835082897144,1361,2.78483640981009
-5883660481818078845,1913,2.77383166997978
-1567904317616971973,1041,2.75890223153546
2393459532553175155,1303,2.75764689444986
3878859925378563694,2009,2.74765974874702
-4900825506828508819,1101,2.74663677795547
9189066216609469927,1062,2.74366465667074
-6217273049275682920,1717,2.74361238276919
-1365076978903616875,1489,2.73803656787278
6883943435227759605,1012,2.54575137758199
-5503798525353223291,1032,2.53502603184192
-6011342575513307582,1587,2.3907008402757
-6089049850961905014,1648,2.29755639864059
-1559594884732641559,1127,2.27057657128208
-8732303052085380191,1173,2.2603612768879
-1986937767878065141,1101,2.25922140546147
-1382421173100961206,1110,2.24135119929822
-1186369653590066327,1154,2.21587833460929
6291458840143614787,1066,2.21089632763753
-3312780844801192882,1137,2.18434250389853
-5600454016694941722,2539,2.17602211148715
4643282000246497060,1015,2.14126463382006
-4143896624811184038,1303,2.13087837915401
-8567579867861091565,1958,2.12684152326262
7179658479272186340,2006,2.11490750616156
2533355793560610062,1362,2.11463227771138
-6065718681323478202,1104,2.10625994874046
458543023482253844,1002,2.07264316347735
801199033913687721,2751,2.06773626971689
4425325958388548291,2656,2.05786513284757
-1280691897005780472,1458,2.05763130032727
-6386825539596727072,1789,2.05080340772346
7322823197709288232,1367,2.04142170837846
-5044234893580429870,1259,2.03755952801764
3264558737461865071,1206,2.0371713377599
3368500038925974890,1134,2.02649831569947
-2120722214992773607,1253,2.02511378451842
3696569523965941863,1027,2.02354558776346
8885844664093940574,1453,2.0075334284661
-3552493350745684395,2287,2.00660950701543
-7562291466747517318,1284,1.98772676445983
-576854769472538050,1351,1.98572639992374
-4272081108306286729,1692,1.98231762649807
2912831964574981275,1200,1.97430417058818
-148220716490743761,1155,1.97004263550264
-3338922658964888936,1178,1.96766841234467
194126425354951365,1438,1.96430296377575
9210105098094918602,1274,1.9603038214936
3220148330942503534,1614,1.95524995713136
8409785242385015986,1932,1.95502588334307
-5265222810921668449,3917,1.9465280511777
3175445430988896450,1430,1.92300977433858
7904304021692471366,1524,1.91683505796083
-6341630807219245050,2403,1.91366143764604
1429555533584571617,1104,1.91165322858486
2689084929743883361,1195,1.90770129889078
-8877771804032053917,1120,1.90314520539951
-6684639563128158939,1156,1.90158583604875
-4183891656770432854,1937,1.8890886975311
-7342420933051101964,2247,1.88260241398976
8717795550706531878,3835,1.8811914253278
-6932510216234383360,1154,1.8803655399924
-3311087485713827460,1739,1.87119346908153
201472164906871310,1184,1.86646794397973
4881019879648817828,1400,1.86200265996317
3924747882370474317,1896,1.84872115044393
1313360091531956370,1529,1.84391076169134
7598575303774525943,2029,1.8437953760614
3906180488100290117,1230,1.83783200753556
2593083018691943063,4109,1.83615392060142
-5148161194092671310,2451,1.82650219143201
7999090470333393077,4924,1.82403071315672
7450890661001572081,1390,1.8232342788197
8520718507625035146,1172,1.82289733034882
-2388623981166954701,3239,1.81798300685879
786662037889752512,2016,1.81202610477255
-3073096274640385432,1432,1.80684520611874
-7223456862429358536,1455,1.8060516514993
-6228999828166540278,1350,1.80479356798569
-4636620035433782236,1869,1.8039096235512
-1633309832418319119,1102,1.79482123772278
-4905627120093524039,1007,1.79033876858303
-2276274004750511303,3076,1.78553381352961
-8635612528882196942,1397,1.77948470498617
-868321482242871369,1933,1.77525983967213
2205010644057116686,1678,1.77387979910902
-8861030735015442095,1341,1.77319221801486
-7579335490541949072,1385,1.77246068506043
-8006838639018847018,1344,1.77052750081877
1590026634418879394,1023,1.77042955168194
-1347266131234638787,2853,1.7676929290172
-3239082006776669705,2226,1.76709857217339
9221602631820962038,1204,1.76636030713967
8627746507840979756,4469,1.7647671301047
-6758027885237807749,1222,1.76118865339323
4716937264202513247,1945,1.7597663272665
5572598084579869575,1287,1.75974505111844
-6014390603156063485,1200,1.7591662935146
7427806217283446461,1804,1.75727393009108
713369901186586791,1149,1.75527851840606
9159196461742477667,3216,1.75402848943021
-8508213433956750329,1548,1.7511306632474
3217610820209064075,3440,1.75045548182727
7553555092908097290,1799,1.74793992826743
-901674148065339284,1151,1.74675737299763
-9061092808085462747,1598,1.74551734435493
-6988181957091576225,1008,1.74470757643553
8410354412920736196,1020,1.74080872812558
-3789651315494166188,1056,1.73939665407896
6945314153025707407,1152,1.73440297053787
3488660822376713542,1762,1.72608394355746
5424754474253161276,2084,1.71808567581343
-3533614682430240178,1350,1.70250803248666
-4340420786324969875,3007,1.70056413150283
-8591449813603537082,1499,1.69312200894692
1540784020687880833,1237,1.69207547341994
-5316638000923012075,1021,1.68403810806383
-5344088390069187016,1236,1.6829012587628
-8912749670948508533,1058,1.6791987238576
-3148925079159267356,1022,1.67767570548479
-4771733579429142490,2060,1.67352350554794
-375772995799717405,1521,1.67231876098267
-7989093583027349596,2861,1.66815777883772
-4126439020241626562,1352,1.66591969764963
-7785444496242014598,1059,1.65967968753238
-5955142774506068611,4023,1.6572433139021
5440291366421177515,1066,1.65565405582992
5604475471950705282,1273,1.65520664410965
-2874031501297416785,1605,1.65190629963687
-935610373058341281,1476,1.65115416203893
-2587432245281007575,1011,1.65009013413164
2620786562045388573,1224,1.64713386554913
6613054090716550226,1200,1.63731347260478
-4954273617620172328,1370,1.63471202090738
-6577138709963740861,1694,1.63037718162507
360652569241069804,1496,1.62702591348382
-4317774565592338983,3156,1.62610263357274
5688919391712326984,2550,1.62463849869501
-8129333955591995946,1290,1.6233960070984
-2464470020122747278,4219,1.6229412570946
-6485443719344706898,1189,1.62064933260665
-8864272093781974681,2735,1.61685728983834
6893986251008878142,1015,1.61510812242493
7346640810165156444,3649,1.6042886638534
-159121996593803157,1035,1.60372765505854
4678934363214071589,2000,1.60280939374115
-8981116262999708597,1319,1.60014845175659
1627703563410602595,1211,1.59893699789455
-411811737448105214,1374,1.5907486221943
-4632546970864212312,1588,1.58581199706903
5524415013980687347,1695,1.58376667795848
-8052168716273578674,2646,1.57902637904054
7088496803982996224,1298,1.57680036678082
6840371073510037412,1005,1.56979153205099
3461967795639381278,1756,1.56348641211161
3120004562701531576,4415,1.56191902674357
8523712902366511688,1439,1.56184697260706
1974715897974298035,3055,1.55934636942087
1556826521648172835,1575,1.55930758563684
4660137686295613463,1699,1.55910226575665
-6631135068399961224,1088,1.55654169105599
-551574201912631014,2111,1.5467038498171
-1333990995188296842,1890,1.54349716168322
6509762775110086717,1263,1.53995058100679
4749925192607567217,1383,1.53531038196806
8576452146688085028,1389,1.53444272415189
-1441586772443606631,1891,1.53373253843365
4408944997682286091,1628,1.52927707754873
-1916746253537568101,1899,1.5270441952178
-1620978014693729184,1165,1.52098283011592
8310291321135190932,1009,1.51990877101226
-422949639109052245,1150,1.51898982676268
-2561465746274742124,1199,1.51294662161829
6824008618973803202,1650,1.50793412097323
-4539477852957074634,1007,1.50560332714083
-9138340987852691367,1284,1.50554607406528
8568756427163966977,1097,1.50362972659092
-7953951766906247145,1846,1.50288994931448
-8317347516549325819,1026,1.49788961938264
-6439324525820661803,2097,1.49764029506129
-995573232913687184,1393,1.49454802100115
-4562548626927380914,1870,1.49233698199487
-2236546382732751296,1720,1.49168345977291
6412381708564090844,1739,1.48829089169163
-3092808718492665263,1184,1.48778946626524
-5810098241985112870,1124,1.48701282207601
6907341557695340623,2362,1.48471105354546
-8738220415347073296,1395,1.48151394710392
7002000172005821336,1579,1.47948808799056
-6683653452510878467,2133,1.47925342522543
1519360636541138326,1122,1.47664699618299
-8711219334851888779,1164,1.47575845147534
4619071110014125647,1073,1.47573190802038
8579727459095207087,1954,1.47259101639747
354490987497067306,1498,1.47240137771563
-1893189622791415613,1986,1.47140394796891
535291194504365979,1628,1.4708418419059
-1763854844536363772,2649,1.47066347498145
-1438512922352962799,1018,1.46863490150852
-3474600403385831547,1179,1.4667497553229
4190532901249995396,1160,1.46645430657707
351942335205698614,1260,1.46614875850702
661754722876600193,1092,1.46541282143999
-1193640313438995595,2042,1.46368674171144
1676394310331256821,1892,1.46334141837674
-5610409575774412555,1079,1.4632682928946
5080720492856215864,1297,1.46275815556206
9101218156344342788,1926,1.4596012569962
2817376439129784928,1035,1.45588432505831
3862116610463258797,1063,1.4543971812185
-4449590733258825348,1323,1.45403886379773
8771812482444766965,1140,1.44875377124921
8292862871198675334,2576,1.44798130059467
-1446032623255461295,1217,1.44562004637978
4055250287357450589,1926,1.44406922956082
8645714205035956400,1377,1.4432165492862
-2003171889535427299,1130,1.44294452720544
900254972494761047,1225,1.44102573650908
-4721342920834896707,3980,1.44074463009312
-5910716832167495120,2677,1.43731074925351
-3897955847754927902,1538,1.43596197689353
-8681518499367687784,2363,1.43456127570659
9047740995661215920,1444,1.43144300171814
7183176805936870346,1436,1.43143320965731
-7578505114724369862,1602,1.43136668625492
-8212068563226209401,1037,1.42881477856951
7486923473825685705,1053,1.42680707092319
-2449521345563301903,3587,1.42555401178755
6107353945790023962,1316,1.42476492746463
6031620020820865744,1156,1.42157050509311
-5967280662458618332,1212,1.41857726389905
-5975956031832878152,1155,1.41807025247725
-9052238437430012503,1104,1.41180906039225
8725342645192671824,1246,1.40757328758076
-4592768808957474188,2558,1.403917720775
5042649931584040850,2052,1.40359915140957
68986591739256132,1005,1.4014298137881
695870706084489728,2499,1.39947168257279
8084746428946128245,1368,1.39903085495051
-7656919192333269960,1208,1.39190019228749
6442526287378447636,1905,1.39089630465413
-6717469701784495362,1062,1.38968581884411
-8010270419274157418,1088,1.38673992268109
2645586689485010271,1855,1.38532689535846
-6593169274795478975,1118,1.38507837894788
-1675693846093317053,1690,1.38474045654036
3922981482024662372,1222,1.38256219385372
9079656332997347473,1314,1.37860943779059
6345061560473774412,1682,1.37654734115379
-4050040837163885947,1024,1.37653327487343
1634259038332326227,1487,1.37346567739903
7520488152155763185,1048,1.37116677692
2549019806088496183,1126,1.37087774962502
4506197358098767375,1132,1.36919440792812
-5140269722691931118,2596,1.36882078774363
1730768601245233898,4790,1.36792206108418
2093072020988234655,2200,1.3666845705615
8216259744488015496,1373,1.36574237207534
1428109338517374183,2501,1.36464318193113
-1307302272834860599,1099,1.36323223853488
2179493587171776657,1262,1.3626257121241
5390434791663191934,1209,1.3622371262325
-7284493810970254972,1143,1.36049204027787
6061142542105669026,1428,1.35775365719887
6270402682041010689,1076,1.35635990350606
7311620401932628767,1932,1.3543009600351
4692819416620058189,1006,1.35250801897729
-1960309441218508901,1831,1.35210668751541
3845647311967384214,1434,1.35008833198036
-5845289941851389968,3337,1.34972650501113
6815026002254517583,2008,1.34855247615175
-4413200523157201285,2099,1.34764615234899
5961724784302168586,1022,1.34707392867451
9178508871544632761,1252,1.34700814844774
-2177401801379494326,1352,1.34672445202421
8165544366624447725,1095,1.34651227265695
-3829564765077897060,2938,1.34631832548446
-3844796968103910337,1254,1.34488353265525
6658002080300546889,1053,1.34379599958829
6910525066975837964,1130,1.34293400302016
-3484776698232795339,1690,1.33919113720596
7753407918713069931,1888,1.33892256730181
4648335786424972726,2244,1.33806815779305
-6654087547950454858,1434,1.33522523423536
-7159670475144763383,1456,1.33045811547079
1447623297384647288,1018,1.3272678220528
-5721500513936467248,1870,1.32511428982456
-8120444473007109528,1643,1.32501509647338
-7614291522241921426,1717,1.32365344413284
5039514496767841003,1044,1.32332230355262
-3034196727628740105,1371,1.32045785056842
-9128662331888123562,1520,1.32035457285939
6384627175226152758,1180,1.32035410805141
5098905529477120467,1950,1.31916583905005
612159942776757372,2855,1.31807658254365
8396751107567641643,1931,1.31686011169476
8654103728617086513,1397,1.31489795585593
4298393383990569496,1018,1.31237427146071
4944977978226310922,3696,1.31101484617456
5273836188987335634,2727,1.31026703749736
828604232937108843,2368,1.30971996595084
-7480746583142933008,1112,1.30790187560773
1190337925755695491,3309,1.3065221565867
4237046334488080886,1398,1.30335395376
-6984413958592532357,1202,1.30285220146636
-6490178069050430408,3457,1.3006229047971
-8232563340375145310,1628,1.30028913213541
-5937666145195934809,1013,1.29967010245742
5729550224838968745,1543,1.29948888144272
5792647697700290648,2532,1.29497430313081
1004664187361901529,1326,1.29427144121511
-1576516305212639441,3131,1.29408823203787
6686482980346386239,1311,1.29290204805054
-8248789591201269069,1063,1.2866396841104
3244454039520031644,1002,1.28523252083127
-8590389417469079227,2334,1.28492379915688
1190757785689093344,1655,1.28460046691198
651995038060790860,1253,1.28414370406611
-2183429160934516546,1118,1.28345638634775
4240788229064389569,1076,1.28334815813233
573880482094122402,1313,1.28261917688278
9194241008520629093,1195,1.28170713006681
1548771064991320634,1548,1.28127476428163
-6982940466839867563,1816,1.28086001713726
1992046348549394915,1532,1.28044269855608
-2049051761465008132,2583,1.27895829133144
3455916046131926792,1150,1.27865904005028
1450507387569995760,1055,1.27793906566502
-5515492811357691232,1458,1.27740520520706
4802705313606598590,1225,1.2773152108793
1591820604484296679,1045,1.2768354260437
-8807896860215570533,1512,1.27674114226922
-2633466215521413875,1208,1.27626419061851
-1242328872541935892,1447,1.27570092601404
-8432702727279007578,2167,1.2701232953012
228324939399443665,4236,1.26890273550194
7522231749295856816,1779,1.26868188651053
8588864376997934512,1472,1.26806915848218
-8229592774582061134,1216,1.26604729117159
7175851606183902295,2735,1.26433009907845
1270729768898839041,1531,1.26217098262303
-2490215685828957549,1474,1.26149977429124
6089502716335559552,1728,1.26128679747749
-6525825082713455798,1561,1.26084869898316
3574879085027412813,1140,1.26075629835223
-573195211879913748,1356,1.26066702935476
-5023588490162147162,1196,1.26020989917127
133962105597951143,1774,1.2595379768864
5155129101755432461,1729,1.2580417585068
8098263489097728544,1093,1.25731813636159
3929421262939021878,1129,1.25724693728723
7150069982531319913,1030,1.25544332800261
2745605218276565110,1289,1.25397726841794
6728588437866357547,1622,1.25249181722029
-4633239246292426097,1418,1.25058446619125
1315145455089332053,1120,1.24982959797095
-7807258945066140714,1552,1.2484758453196
5629443028830469037,1891,1.24741347696411
5856271452653937230,1023,1.24736840740299
4274140415291434463,1091,1.24672349885786
2321848498740743508,3727,1.24427883567997
7161646873679564969,1263,1.24219625354462
-704523521624808125,1615,1.24023210784845
-8152888639556687697,2512,1.24002214512171
-3699869551449324934,1164,1.23906736523575
-1636519488813868872,1229,1.23775313249942
-4673549499008414228,1141,1.23645085989209
8726496986496845333,1211,1.23635035387642
2760093390478089180,1181,1.2361245072031
6830661588958673312,1404,1.23566290170026
5379856006018963158,2354,1.23456672531802
-3291873018081311455,2201,1.23339066809726
2824829356373052490,1324,1.23334613430362
2277558705465481907,1291,1.23327764868504
-1182993134396732034,2301,1.23296230495629
-3399933034589753300,1365,1.23181759367027
-3136102822197665312,1041,1.23168976811787
7774736223116674044,3960,1.23058656985463
-3116895576632188676,1462,1.22633120278135
-8826304187773020850,1026,1.22574874141712
-4520272747168576903,1097,1.22533352791974
1246518764362758218,1100,1.22446526197138
-3696940379822059786,1533,1.22431671414983
8056133042516637815,1024,1.22343517442046
-7577620943941356551,1406,1.21937317006852
-4027787466339615086,1421,1.21925868209202
-7705169061578420314,1353,1.21918467969845
6678410736211627494,1013,1.21814587640358
2276160936778289140,1634,1.2169813781732
1523618057797071810,1138,1.21648022516754
-5023066176351526465,1124,1.2164599845188
-6175112113741735988,1073,1.21580939677933
-6764014465472884231,1171,1.21516958995478
1470893327343237386,4409,1.21485383055226
8841364104102933506,1144,1.21431969337088
-1492874503354525093,1681,1.2107764319351
8098017267898410929,1057,1.20685278979326
8888760742448565945,1265,1.20571543585471
-4265180761595892066,1137,1.20476032496065
-5248585455033753,2651,1.2046142416916
3817083945306860429,2335,1.20439507551928
1630667348431135970,2090,1.20129987887349
-340795134163911482,1328,1.19972365131885
-5343692500844302761,1011,1.19945063743999
2310120907011611080,1129,1.19915313140531
3603566855232147258,1892,1.19618263526949
7452633830168984520,1049,1.19562153927541
-6766848786639994463,1332,1.19522825898389
4636005534004731978,1863,1.19477931655929
-8305108039447591402,1063,1.19384323175382
6033947441906419504,1699,1.19356532868768
1804345189124424559,1316,1.19106044352937
4133633475064353456,1697,1.18935574045607
-7446820578855286244,3259,1.18812338919908
-5977138900325576890,1153,1.18763967793576
1957103033281755431,4384,1.18730942483415
6864812216609123462,1167,1.18635763842143
-5131662286809785316,1811,1.18558154368828
-7763170464101779515,1733,1.18266959831251
-1023272502338633937,1056,1.18110225028046
-8220715410658846186,1523,1.18007920197868
-2359895586440095001,1565,1.17902355382595
589856775290602933,1516,1.17758283711573
-1653810876800214638,1928,1.17666394005113
4833808333955547509,2225,1.17651547472896
-2420545841706670051,1914,1.17611962944772
-6349350632177063114,1238,1.17570544174445
-6634169558819590301,1476,1.17514822598361
4387841959813267131,1392,1.17455472740843
1837838916570952841,1520,1.17444624674188
8422762694796933294,1007,1.17069204127273
-7909013730628327502,1441,1.17029743473857
8666192808060163621,1478,1.17000069474589
-642893313865119883,2955,1.16990227802401
-1914599609544875414,1947,1.16938724650928
-5556791911040513688,1443,1.16899051300883
2855568418633273582,1254,1.16856469104946
-4059361393614597369,1215,1.1682913677595
-4355862958318879635,1032,1.16567060211406
-7321386211897128158,1004,1.16439516954417
5410586589946162254,1509,1.16391130832921
3175626358015832812,1147,1.16357172701905
-4241127449159179480,2539,1.16275802093775
-145865803413799294,1493,1.1626332182209
-3357407818802124782,1648,1.16244694660804
756617335986852152,2271,1.16227138262582
-2191338139891603924,1055,1.16023389145458
-3569264680354634082,1481,1.15979020984535
-5683484105893978132,1002,1.15951626884151
631458643322229807,4067,1.15951290759736
-6587984011601928837,1839,1.15842308474579
7603309594971532136,1098,1.15667718937101
2793547375286639694,1480,1.15643835088212
1590611322535463033,1102,1.15640974337319
3731875244813295314,1319,1.15551463649925
-4977281464021061215,1286,1.15513617151394
-8449678235968252653,1511,1.15405052563845
-6751437986516268846,1068,1.15389263250824
-523914987774006993,1820,1.15093935130306
3713704795443113935,1557,1.15046914863909
-4903918830735337755,1203,1.14938552283623
8640457025911149480,1028,1.14845156610349
8932770057587301745,4111,1.14779261944393
2663172537776543869,1246,1.14592410960674
3536400681142479453,3212,1.14232865506717
-5813365132498571983,1357,1.14192459139957
-9208951183986787508,1449,1.14165030189178
-7429127281769622045,1302,1.1409218438812
-8298456002360792433,1025,1.14034103141888
6464391972686049124,1053,1.13972066598789
5526634165741879397,2336,1.13874396929143
6706504275691785315,2903,1.13819972011517
-2483778345670454406,1369,1.1362100083595
-8703500833955654967,1212,1.13524769219702
-227571640283684138,1610,1.13440123267984
-185159093474474903,1100,1.13436791794037
-8608446732333987797,1444,1.13387832364307
-2516514218015433472,1092,1.1320717531965
-7168745933546484661,2723,1.13099952488624
8325069304599889165,1173,1.13036742153794
3970214347710344004,1612,1.12716789741383
-3656419375014410256,1325,1.12702748112855
2180562237686978601,1095,1.12571224908998
-558054923820992331,1081,1.12439239311164
4805818707032067686,1128,1.12318657353672
7540950207297117440,1199,1.12168283981098
-6544781710980023646,1994,1.12162135476353
8613943862872952316,1081,1.12120867035837
-6730337731628531976,3823,1.12022634330476
895636358977452136,1327,1.1185567679754
6263590241310490288,2267,1.11676621806064
2564510452575397315,3024,1.11443049921956
2179900442762252804,1026,1.11261170705714
-7289283329015049506,1070,1.11013563788117
-7064103476783386193,1055,1.10836246885827
-1469046123399574698,1529,1.1072264563815
-7988579180696285807,1332,1.1067908883788
-1693375675323583448,1491,1.10502069024922
-5761402654333958709,2868,1.10491090875244
6219327929350217707,1177,1.10443213582222
-2194169064735815538,1315,1.10348691394556
5468006357314023279,2016,1.10147609310923
4164983255872932352,4039,1.10130192170635
-1575257354284351992,1014,1.09902631145143
-4778108469348998103,1300,1.09668959998285
-3697117107203392626,1509,1.09241728554055
7550588067724301821,1385,1.09210732161642
2130244367235295632,1085,1.08577240073751
4077191465798786926,4138,1.08408579950871
4462016245832741474,2111,1.08364434147581
-4797988209057671040,1203,1.07897542208774
-5423452374565518729,1279,1.07542502928613
-7722356887269633160,1401,1.07469854578713
-345792587240632351,3580,1.07455930317486
-8542533163671720407,1559,1.0723218496399
-5968473407322933596,1035,1.066485594895
-5250976687177793021,1039,1.06598782889246
-418326997210627493,1215,1.05956968612625
1786858745891072966,1780,1.05904210542739
4569855891221955609,2984,1.05645157332838
-1579520486275836032,1522,1.05336753462091
8975834117151879266,1165,1.0483314565169
-4949805543187940476,1796,1.04715341651489
4084388786918403332,2069,1.03888671568565
6976529547499326034,1459,1.03664994697519
8706146870055679592,4076,1.03626784774206
4418107348535515490,1329,1.0318267041049
-3248007050400869199,2876,1.02732104819345
-2403842750712634329,2396,1.02638301983515
2721919562626389171,4076,1.02481749143728
2916024932270107297,1149,1.02227838532175
